{"Goeteborg1": [57.70887, 11.97456], "Chalmers": [57.691735, 11.976353], "Bergstena": [58.046973, 12.636136], "Stensjo": [58.397512, 11.382518], "Val d Isere": [45.448922, 6.98015], "Grand Motte": [45.413217, 6.874079], "Goeteborg": [57.70716, 11.96679]}